location,site_code,site_name,survey_year,taxon,survey_mean
Jervis Bay,JBMP-S1,Captains Pt,1996,Ecklonia radiata,60.5
Jervis Bay,JBMP-S1,Captains Pt,2000,Ecklonia radiata,58.66666667
Jervis Bay,JBMP-S1,Captains Pt,2001,Ecklonia radiata,56.66666667
Jervis Bay,JBMP-S1,Captains Pt,2003,Ecklonia radiata,48.13333333
Jervis Bay,JBMP-S1,Captains Pt,2004,Ecklonia radiata,37.73333333
Jervis Bay,JBMP-S1,Captains Pt,2005,Ecklonia radiata,74.13333333
Jervis Bay,JBMP-S1,Captains Pt,2006,Ecklonia radiata,61.2
Jervis Bay,JBMP-S1,Captains Pt,2007,Ecklonia radiata,57.06666667
Jervis Bay,JBMP-S1,Captains Pt,2008,Ecklonia radiata,76
Jervis Bay,JBMP-S1,Captains Pt,2009,Ecklonia radiata,54.26666667
Jervis Bay,JBMP-S1,Captains Pt,2012,Ecklonia radiata,70.66666667
Jervis Bay,JBMP-S1,Captains Pt,2017,Ecklonia radiata,32.4
Jervis Bay,JBMP-S1,Captains Pt,2023,Ecklonia radiata,26.5
Jervis Bay,JBMP-S10,Longnose Point North,1996,Ecklonia radiata,18.4
Jervis Bay,JBMP-S10,Longnose Point North,2000,Ecklonia radiata,13.33333333
Jervis Bay,JBMP-S10,Longnose Point North,2001,Ecklonia radiata,21.73333333
Jervis Bay,JBMP-S10,Longnose Point North,2003,Ecklonia radiata,27.86666667
Jervis Bay,JBMP-S10,Longnose Point North,2004,Ecklonia radiata,24.53333333
Jervis Bay,JBMP-S10,Longnose Point North,2005,Ecklonia radiata,26
Jervis Bay,JBMP-S10,Longnose Point North,2006,Ecklonia radiata,5.466666667
Jervis Bay,JBMP-S10,Longnose Point North,2007,Ecklonia radiata,6.5
Jervis Bay,JBMP-S10,Longnose Point North,2008,Ecklonia radiata,13.4
Jervis Bay,JBMP-S10,Longnose Point North,2009,Ecklonia radiata,17.5
Jervis Bay,JBMP-S10,Longnose Point North,2012,Ecklonia radiata,30.8
Jervis Bay,JBMP-S10,Longnose Point North,2017,Ecklonia radiata,22.53333333
Jervis Bay,JBMP-S11,Greenfield Beach Nth,1996,Ecklonia radiata,50
Jervis Bay,JBMP-S11,Greenfield Beach Nth,2000,Ecklonia radiata,53.2
Jervis Bay,JBMP-S11,Greenfield Beach Nth,2001,Ecklonia radiata,41
Jervis Bay,JBMP-S11,Greenfield Beach Nth,2003,Ecklonia radiata,43.7
Jervis Bay,JBMP-S11,Greenfield Beach Nth,2004,Ecklonia radiata,56.5
Jervis Bay,JBMP-S11,Greenfield Beach Nth,2005,Ecklonia radiata,51.4
Jervis Bay,JBMP-S11,Greenfield Beach Nth,2006,Ecklonia radiata,47
Jervis Bay,JBMP-S11,Greenfield Beach Nth,2007,Ecklonia radiata,75
Jervis Bay,JBMP-S11,Greenfield Beach Nth,2008,Ecklonia radiata,67.2
Jervis Bay,JBMP-S11,Greenfield Beach Nth,2009,Ecklonia radiata,65
Jervis Bay,JBMP-S11,Greenfield Beach Nth,2012,Ecklonia radiata,54.4
Jervis Bay,JBMP-S11,Greenfield Beach Nth,2017,Ecklonia radiata,45.7
Jervis Bay,JBMP-S12,Dart Point East (Grouper Coast South),1996,Ecklonia radiata,65
Jervis Bay,JBMP-S12,Dart Point East (Grouper Coast South),2000,Ecklonia radiata,62.1
Jervis Bay,JBMP-S12,Dart Point East (Grouper Coast South),2001,Ecklonia radiata,35.3
Jervis Bay,JBMP-S12,Dart Point East (Grouper Coast South),2003,Ecklonia radiata,64.6
Jervis Bay,JBMP-S12,Dart Point East (Grouper Coast South),2004,Ecklonia radiata,65.5
Jervis Bay,JBMP-S12,Dart Point East (Grouper Coast South),2005,Ecklonia radiata,43.6
Jervis Bay,JBMP-S12,Dart Point East (Grouper Coast South),2006,Ecklonia radiata,41.3
Jervis Bay,JBMP-S12,Dart Point East (Grouper Coast South),2007,Ecklonia radiata,32.9
Jervis Bay,JBMP-S12,Dart Point East (Grouper Coast South),2008,Ecklonia radiata,54.7
Jervis Bay,JBMP-S12,Dart Point East (Grouper Coast South),2009,Ecklonia radiata,49.6
Jervis Bay,JBMP-S12,Dart Point East (Grouper Coast South),2012,Ecklonia radiata,70.7
Jervis Bay,JBMP-S12,Dart Point East (Grouper Coast South),2017,Ecklonia radiata,48.8
Jervis Bay,JBMP-S13,Montagu Point,1996,Ecklonia radiata,40.2
Jervis Bay,JBMP-S13,Montagu Point,2000,Ecklonia radiata,34.3
Jervis Bay,JBMP-S13,Montagu Point,2001,Ecklonia radiata,43.2
Jervis Bay,JBMP-S13,Montagu Point,2003,Ecklonia radiata,51.1
Jervis Bay,JBMP-S13,Montagu Point,2004,Ecklonia radiata,24
Jervis Bay,JBMP-S13,Montagu Point,2005,Ecklonia radiata,37.9
Jervis Bay,JBMP-S13,Montagu Point,2006,Ecklonia radiata,34.1
Jervis Bay,JBMP-S13,Montagu Point,2007,Ecklonia radiata,36.6
Jervis Bay,JBMP-S13,Montagu Point,2008,Ecklonia radiata,43.73333333
Jervis Bay,JBMP-S13,Montagu Point,2009,Ecklonia radiata,27.4
Jervis Bay,JBMP-S13,Montagu Point,2012,Ecklonia radiata,20.8
Jervis Bay,JBMP-S13,Montagu Point,2017,Ecklonia radiata,26.13333333
Jervis Bay,JBMP-S14,GREEN POINT (GREEN ISLAND),1996,Ecklonia radiata,54
Jervis Bay,JBMP-S14,GREEN POINT (GREEN ISLAND),2000,Ecklonia radiata,59.46666667
Jervis Bay,JBMP-S14,GREEN POINT (GREEN ISLAND),2001,Ecklonia radiata,32.4
Jervis Bay,JBMP-S14,GREEN POINT (GREEN ISLAND),2003,Ecklonia radiata,48.4
Jervis Bay,JBMP-S14,GREEN POINT (GREEN ISLAND),2004,Ecklonia radiata,13.4
Jervis Bay,JBMP-S14,GREEN POINT (GREEN ISLAND),2005,Ecklonia radiata,82
Jervis Bay,JBMP-S14,GREEN POINT (GREEN ISLAND),2006,Ecklonia radiata,13
Jervis Bay,JBMP-S14,GREEN POINT (GREEN ISLAND),2007,Ecklonia radiata,31.33333333
Jervis Bay,JBMP-S14,GREEN POINT (GREEN ISLAND),2008,Ecklonia radiata,23.8
Jervis Bay,JBMP-S14,GREEN POINT (GREEN ISLAND),2009,Ecklonia radiata,44.93333333
Jervis Bay,JBMP-S14,GREEN POINT (GREEN ISLAND),2012,Ecklonia radiata,19.86666667
Jervis Bay,JBMP-S14,GREEN POINT (GREEN ISLAND),2017,Ecklonia radiata,25.2
Jervis Bay,JBMP-S15,Bowen Island NW,1996,Ecklonia radiata,39.2
Jervis Bay,JBMP-S15,Bowen Island NW,2000,Ecklonia radiata,1.6
Jervis Bay,JBMP-S15,Bowen Island NW,2003,Ecklonia radiata,1.6
Jervis Bay,JBMP-S15,Bowen Island NW,2004,Ecklonia radiata,2.8
Jervis Bay,JBMP-S15,Bowen Island NW,2005,Ecklonia radiata,20
Jervis Bay,JBMP-S15,Bowen Island NW,2006,Ecklonia radiata,34
Jervis Bay,JBMP-S15,Bowen Island NW,2007,Ecklonia radiata,10
Jervis Bay,JBMP-S15,Bowen Island NW,2008,Ecklonia radiata,20
Jervis Bay,JBMP-S15,Bowen Island NW,2009,Ecklonia radiata,23.6
Jervis Bay,JBMP-S15,Bowen Island NW,2012,Ecklonia radiata,29.8
Jervis Bay,JBMP-S15,Bowen Island NW,2017,Ecklonia radiata,18
Jervis Bay,JBMP-S15,Bowen Island NW,2023,Ecklonia radiata,2.5
Jervis Bay,JBMP-S16,Bowens Island SW,2000,Ecklonia radiata,4
Jervis Bay,JBMP-S16,Bowens Island SW,2003,Ecklonia radiata,13.4
Jervis Bay,JBMP-S16,Bowens Island SW,2004,Ecklonia radiata,15
Jervis Bay,JBMP-S16,Bowens Island SW,2005,Ecklonia radiata,10.26666667
Jervis Bay,JBMP-S16,Bowens Island SW,2006,Ecklonia radiata,19.6
Jervis Bay,JBMP-S16,Bowens Island SW,2007,Ecklonia radiata,29.4
Jervis Bay,JBMP-S16,Bowens Island SW,2008,Ecklonia radiata,30.2
Jervis Bay,JBMP-S16,Bowens Island SW,2009,Ecklonia radiata,38.4
Jervis Bay,JBMP-S16,Bowens Island SW,2012,Ecklonia radiata,29.2
Jervis Bay,JBMP-S16,Bowens Island SW,2017,Ecklonia radiata,10
Jervis Bay,JBMP-S16,Bowens Island SW,2023,Ecklonia radiata,25.2
Jervis Bay,JBMP-S17,Murrays Reef,1996,Ecklonia radiata,13.6
Jervis Bay,JBMP-S17,Murrays Reef,2000,Ecklonia radiata,12.4
Jervis Bay,JBMP-S17,Murrays Reef,2001,Ecklonia radiata,20
Jervis Bay,JBMP-S17,Murrays Reef,2003,Ecklonia radiata,14.5
Jervis Bay,JBMP-S17,Murrays Reef,2004,Ecklonia radiata,25.73333333
Jervis Bay,JBMP-S17,Murrays Reef,2005,Ecklonia radiata,27.5
Jervis Bay,JBMP-S17,Murrays Reef,2006,Ecklonia radiata,23.3
Jervis Bay,JBMP-S17,Murrays Reef,2007,Ecklonia radiata,11.46666667
Jervis Bay,JBMP-S17,Murrays Reef,2008,Ecklonia radiata,18.6
Jervis Bay,JBMP-S17,Murrays Reef,2009,Ecklonia radiata,19.33333333
Jervis Bay,JBMP-S17,Murrays Reef,2012,Ecklonia radiata,24.8
Jervis Bay,JBMP-S17,Murrays Reef,2017,Ecklonia radiata,23.33333333
Jervis Bay,JBMP-S17,Murrays Reef,2023,Ecklonia radiata,25.6
Jervis Bay,JBMP-S18,Bristol Pt,1996,Ecklonia radiata,43.74545455
Jervis Bay,JBMP-S18,Bristol Pt,2000,Ecklonia radiata,48.8
Jervis Bay,JBMP-S18,Bristol Pt,2001,Ecklonia radiata,30.8
Jervis Bay,JBMP-S18,Bristol Pt,2003,Ecklonia radiata,38.4
Jervis Bay,JBMP-S18,Bristol Pt,2004,Ecklonia radiata,32.7
Jervis Bay,JBMP-S18,Bristol Pt,2005,Ecklonia radiata,38.13333333
Jervis Bay,JBMP-S18,Bristol Pt,2006,Ecklonia radiata,27.6
Jervis Bay,JBMP-S18,Bristol Pt,2007,Ecklonia radiata,32.8
Jervis Bay,JBMP-S18,Bristol Pt,2008,Ecklonia radiata,37.6
Jervis Bay,JBMP-S18,Bristol Pt,2009,Ecklonia radiata,23.2
Jervis Bay,JBMP-S18,Bristol Pt,2012,Ecklonia radiata,21.73333333
Jervis Bay,JBMP-S18,Bristol Pt,2017,Ecklonia radiata,14.26666667
Jervis Bay,JBMP-S18,Bristol Pt,2023,Ecklonia radiata,46
Jervis Bay,JBMP-S19,Callala,2000,Ecklonia radiata,89.1
Jervis Bay,JBMP-S19,Callala,2001,Ecklonia radiata,85.6
Jervis Bay,JBMP-S19,Callala,2003,Ecklonia radiata,84.3
Jervis Bay,JBMP-S19,Callala,2004,Ecklonia radiata,81.4
Jervis Bay,JBMP-S19,Callala,2005,Ecklonia radiata,89
Jervis Bay,JBMP-S19,Callala,2006,Ecklonia radiata,55.9
Jervis Bay,JBMP-S19,Callala,2007,Ecklonia radiata,85.5
Jervis Bay,JBMP-S19,Callala,2008,Ecklonia radiata,87.5
Jervis Bay,JBMP-S19,Callala,2009,Ecklonia radiata,97.5
Jervis Bay,JBMP-S19,Callala,2012,Ecklonia radiata,83.2
Jervis Bay,JBMP-S19,Callala,2017,Ecklonia radiata,69.2
Jervis Bay,JBMP-S2,The Docks 1 The Gulch,1996,Ecklonia radiata,1.2
Jervis Bay,JBMP-S2,The Docks 1 The Gulch,2003,Ecklonia radiata,28.4
Jervis Bay,JBMP-S2,The Docks 1 The Gulch,2004,Ecklonia radiata,11.6
Jervis Bay,JBMP-S2,The Docks 1 The Gulch,2005,Ecklonia radiata,28.93333333
Jervis Bay,JBMP-S2,The Docks 1 The Gulch,2006,Ecklonia radiata,28.2
Jervis Bay,JBMP-S2,The Docks 1 The Gulch,2007,Ecklonia radiata,12.26666667
Jervis Bay,JBMP-S2,The Docks 1 The Gulch,2008,Ecklonia radiata,20.4
Jervis Bay,JBMP-S2,The Docks 1 The Gulch,2009,Ecklonia radiata,14
Jervis Bay,JBMP-S2,The Docks 1 The Gulch,2012,Ecklonia radiata,12
Jervis Bay,JBMP-S2,The Docks 1 The Gulch,2017,Ecklonia radiata,20
Jervis Bay,JBMP-S20,Husky Caravan Park,2000,Ecklonia radiata,78.6
Jervis Bay,JBMP-S20,Husky Caravan Park,2001,Ecklonia radiata,77.5
Jervis Bay,JBMP-S20,Husky Caravan Park,2003,Ecklonia radiata,77.6
Jervis Bay,JBMP-S20,Husky Caravan Park,2004,Ecklonia radiata,89.2
Jervis Bay,JBMP-S20,Husky Caravan Park,2005,Ecklonia radiata,75.1
Jervis Bay,JBMP-S20,Husky Caravan Park,2006,Ecklonia radiata,67.1
Jervis Bay,JBMP-S20,Husky Caravan Park,2007,Ecklonia radiata,80.6
Jervis Bay,JBMP-S20,Husky Caravan Park,2008,Ecklonia radiata,95.8
Jervis Bay,JBMP-S20,Husky Caravan Park,2009,Ecklonia radiata,92.5
Jervis Bay,JBMP-S20,Husky Caravan Park,2012,Ecklonia radiata,65.4
Jervis Bay,JBMP-S20,Husky Caravan Park,2017,Ecklonia radiata,47.2
Jervis Bay,JBMP-S21,Tapalla Point (Husky Reef),2000,Ecklonia radiata,58.9
Jervis Bay,JBMP-S21,Tapalla Point (Husky Reef),2001,Ecklonia radiata,66.3
Jervis Bay,JBMP-S21,Tapalla Point (Husky Reef),2003,Ecklonia radiata,88.8
Jervis Bay,JBMP-S21,Tapalla Point (Husky Reef),2004,Ecklonia radiata,65.9
Jervis Bay,JBMP-S21,Tapalla Point (Husky Reef),2005,Ecklonia radiata,45.5
Jervis Bay,JBMP-S21,Tapalla Point (Husky Reef),2006,Ecklonia radiata,40.1
Jervis Bay,JBMP-S21,Tapalla Point (Husky Reef),2007,Ecklonia radiata,95.7
Jervis Bay,JBMP-S21,Tapalla Point (Husky Reef),2008,Ecklonia radiata,75.2
Jervis Bay,JBMP-S21,Tapalla Point (Husky Reef),2009,Ecklonia radiata,90.1
Jervis Bay,JBMP-S21,Tapalla Point (Husky Reef),2012,Ecklonia radiata,81.3
Jervis Bay,JBMP-S21,Tapalla Point (Husky Reef),2017,Ecklonia radiata,44.5
Jervis Bay,JBMP-S22,Drum and Drumstick,2000,Ecklonia radiata,8
Jervis Bay,JBMP-S22,Drum and Drumstick,2003,Ecklonia radiata,12.4
Jervis Bay,JBMP-S22,Drum and Drumstick,2004,Ecklonia radiata,20
Jervis Bay,JBMP-S22,Drum and Drumstick,2006,Ecklonia radiata,36
Jervis Bay,JBMP-S22,Drum and Drumstick,2007,Ecklonia radiata,20.93333333
Jervis Bay,JBMP-S22,Drum and Drumstick,2008,Ecklonia radiata,50.8
Jervis Bay,JBMP-S22,Drum and Drumstick,2009,Ecklonia radiata,11.2
Jervis Bay,JBMP-S22,Drum and Drumstick,2012,Ecklonia radiata,20
Jervis Bay,JBMP-S23,Drum and Drumstick North (Gumgetters),2003,Ecklonia radiata,2
Jervis Bay,JBMP-S23,Drum and Drumstick North (Gumgetters),2004,Ecklonia radiata,28
Jervis Bay,JBMP-S23,Drum and Drumstick North (Gumgetters),2005,Ecklonia radiata,38.8
Jervis Bay,JBMP-S23,Drum and Drumstick North (Gumgetters),2006,Ecklonia radiata,27.2
Jervis Bay,JBMP-S23,Drum and Drumstick North (Gumgetters),2007,Ecklonia radiata,14
Jervis Bay,JBMP-S23,Drum and Drumstick North (Gumgetters),2008,Ecklonia radiata,20
Jervis Bay,JBMP-S23,Drum and Drumstick North (Gumgetters),2009,Ecklonia radiata,25
Jervis Bay,JBMP-S23,Drum and Drumstick North (Gumgetters),2012,Ecklonia radiata,53.2
Jervis Bay,JBMP-S24,Callala Reef West,2000,Ecklonia radiata,80.7
Jervis Bay,JBMP-S24,Callala Reef West,2001,Ecklonia radiata,47.9
Jervis Bay,JBMP-S24,Callala Reef West,2003,Ecklonia radiata,75.7
Jervis Bay,JBMP-S24,Callala Reef West,2004,Ecklonia radiata,69.1
Jervis Bay,JBMP-S24,Callala Reef West,2005,Ecklonia radiata,71.7
Jervis Bay,JBMP-S24,Callala Reef West,2006,Ecklonia radiata,82
Jervis Bay,JBMP-S24,Callala Reef West,2007,Ecklonia radiata,81.6
Jervis Bay,JBMP-S24,Callala Reef West,2008,Ecklonia radiata,68.9
Jervis Bay,JBMP-S24,Callala Reef West,2009,Ecklonia radiata,91.4
Jervis Bay,JBMP-S24,Callala Reef West,2012,Ecklonia radiata,66.1
Jervis Bay,JBMP-S24,Callala Reef West,2017,Ecklonia radiata,20.7
Jervis Bay,JBMP-S25,Plantation Point South,2001,Ecklonia radiata,72.5
Jervis Bay,JBMP-S25,Plantation Point South,2003,Ecklonia radiata,56
Jervis Bay,JBMP-S25,Plantation Point South,2004,Ecklonia radiata,51
Jervis Bay,JBMP-S25,Plantation Point South,2005,Ecklonia radiata,73.2
Jervis Bay,JBMP-S25,Plantation Point South,2006,Ecklonia radiata,54.5
Jervis Bay,JBMP-S25,Plantation Point South,2007,Ecklonia radiata,91
Jervis Bay,JBMP-S25,Plantation Point South,2008,Ecklonia radiata,80.8
Jervis Bay,JBMP-S25,Plantation Point South,2009,Ecklonia radiata,62.8
Jervis Bay,JBMP-S25,Plantation Point South,2012,Ecklonia radiata,57.2
Jervis Bay,JBMP-S25,Plantation Point South,2017,Ecklonia radiata,41.6
Jervis Bay,JBMP-S26,Outer Tubes,2003,Ecklonia radiata,20.46666667
Jervis Bay,JBMP-S26,Outer Tubes,2004,Ecklonia radiata,40.16
Jervis Bay,JBMP-S26,Outer Tubes,2005,Ecklonia radiata,36.3
Jervis Bay,JBMP-S26,Outer Tubes,2006,Ecklonia radiata,41.5
Jervis Bay,JBMP-S26,Outer Tubes,2007,Ecklonia radiata,17
Jervis Bay,JBMP-S26,Outer Tubes,2008,Ecklonia radiata,42.8
Jervis Bay,JBMP-S26,Outer Tubes,2009,Ecklonia radiata,37.06666667
Jervis Bay,JBMP-S26,Outer Tubes,2012,Ecklonia radiata,30
Jervis Bay,JBMP-S26,Outer Tubes,2017,Ecklonia radiata,19.2
Jervis Bay,JBMP-S27,Longnose Point South,2003,Ecklonia radiata,20
Jervis Bay,JBMP-S27,Longnose Point South,2004,Ecklonia radiata,16.6
Jervis Bay,JBMP-S27,Longnose Point South,2005,Ecklonia radiata,10
Jervis Bay,JBMP-S27,Longnose Point South,2006,Ecklonia radiata,4
Jervis Bay,JBMP-S27,Longnose Point South,2007,Ecklonia radiata,10.4
Jervis Bay,JBMP-S27,Longnose Point South,2008,Ecklonia radiata,22.13333333
Jervis Bay,JBMP-S27,Longnose Point South,2009,Ecklonia radiata,17.6
Jervis Bay,JBMP-S27,Longnose Point South,2012,Ecklonia radiata,17.8
Jervis Bay,JBMP-S27,Longnose Point South,2017,Ecklonia radiata,19.33333333
Jervis Bay,JBMP-S3,The Docks 2 Inner Tubes,1996,Ecklonia radiata,0.6
Jervis Bay,JBMP-S3,The Docks 2 Inner Tubes,2000,Ecklonia radiata,2.4
Jervis Bay,JBMP-S3,The Docks 2 Inner Tubes,2001,Ecklonia radiata,4
Jervis Bay,JBMP-S3,The Docks 2 Inner Tubes,2003,Ecklonia radiata,9.4
Jervis Bay,JBMP-S3,The Docks 2 Inner Tubes,2004,Ecklonia radiata,10
Jervis Bay,JBMP-S3,The Docks 2 Inner Tubes,2005,Ecklonia radiata,10
Jervis Bay,JBMP-S3,The Docks 2 Inner Tubes,2006,Ecklonia radiata,24
Jervis Bay,JBMP-S3,The Docks 2 Inner Tubes,2007,Ecklonia radiata,1.6
Jervis Bay,JBMP-S3,The Docks 2 Inner Tubes,2008,Ecklonia radiata,12
Jervis Bay,JBMP-S3,The Docks 2 Inner Tubes,2009,Ecklonia radiata,13.4
Jervis Bay,JBMP-S3,The Docks 2 Inner Tubes,2012,Ecklonia radiata,5.6
Jervis Bay,JBMP-S4,The Docks 3 North Black Boat Cove,1996,Ecklonia radiata,35.8
Jervis Bay,JBMP-S4,The Docks 3 North Black Boat Cove,2005,Ecklonia radiata,27.2
Jervis Bay,JBMP-S4,The Docks 3 North Black Boat Cove,2008,Ecklonia radiata,8.4
Jervis Bay,JBMP-S4,The Docks 3 North Black Boat Cove,2009,Ecklonia radiata,10.4
Jervis Bay,JBMP-S4,The Docks 3 North Black Boat Cove,2017,Ecklonia radiata,5.6
Jervis Bay,JBMP-S5,Honeymoon Bay 1km Sth,1996,Ecklonia radiata,41.9
Jervis Bay,JBMP-S5,Honeymoon Bay 1km Sth,2000,Ecklonia radiata,32.8
Jervis Bay,JBMP-S5,Honeymoon Bay 1km Sth,2001,Ecklonia radiata,28.53333333
Jervis Bay,JBMP-S5,Honeymoon Bay 1km Sth,2003,Ecklonia radiata,44.3
Jervis Bay,JBMP-S5,Honeymoon Bay 1km Sth,2004,Ecklonia radiata,9.6
Jervis Bay,JBMP-S5,Honeymoon Bay 1km Sth,2005,Ecklonia radiata,7.2
Jervis Bay,JBMP-S5,Honeymoon Bay 1km Sth,2006,Ecklonia radiata,5.8
Jervis Bay,JBMP-S5,Honeymoon Bay 1km Sth,2007,Ecklonia radiata,5.2
Jervis Bay,JBMP-S5,Honeymoon Bay 1km Sth,2008,Ecklonia radiata,5.6
Jervis Bay,JBMP-S6,Honeymoon Bay 300m South,1996,Ecklonia radiata,19.73333333
Jervis Bay,JBMP-S6,Honeymoon Bay 300m South,2000,Ecklonia radiata,14.6
Jervis Bay,JBMP-S6,Honeymoon Bay 300m South,2001,Ecklonia radiata,20
Jervis Bay,JBMP-S6,Honeymoon Bay 300m South,2004,Ecklonia radiata,26.26666667
Jervis Bay,JBMP-S6,Honeymoon Bay 300m South,2005,Ecklonia radiata,14.8
Jervis Bay,JBMP-S6,Honeymoon Bay 300m South,2006,Ecklonia radiata,4
Jervis Bay,JBMP-S6,Honeymoon Bay 300m South,2007,Ecklonia radiata,8.2
Jervis Bay,JBMP-S6,Honeymoon Bay 300m South,2009,Ecklonia radiata,11
Jervis Bay,JBMP-S6,Honeymoon Bay 300m South,2012,Ecklonia radiata,35.2
Jervis Bay,JBMP-S6,Honeymoon Bay 300m South,2017,Ecklonia radiata,3.6
Jervis Bay,JBMP-S7,Honeymoon Bay 150 m North (Bindajine Point),1996,Ecklonia radiata,61.2
Jervis Bay,JBMP-S7,Honeymoon Bay 150 m North (Bindajine Point),2000,Ecklonia radiata,57.1
Jervis Bay,JBMP-S7,Honeymoon Bay 150 m North (Bindajine Point),2001,Ecklonia radiata,49.06666667
Jervis Bay,JBMP-S7,Honeymoon Bay 150 m North (Bindajine Point),2003,Ecklonia radiata,62.2
Jervis Bay,JBMP-S7,Honeymoon Bay 150 m North (Bindajine Point),2004,Ecklonia radiata,41.9
Jervis Bay,JBMP-S7,Honeymoon Bay 150 m North (Bindajine Point),2005,Ecklonia radiata,58.4
Jervis Bay,JBMP-S7,Honeymoon Bay 150 m North (Bindajine Point),2006,Ecklonia radiata,41.3
Jervis Bay,JBMP-S7,Honeymoon Bay 150 m North (Bindajine Point),2007,Ecklonia radiata,43.7
Jervis Bay,JBMP-S7,Honeymoon Bay 150 m North (Bindajine Point),2008,Ecklonia radiata,47.7
Jervis Bay,JBMP-S7,Honeymoon Bay 150 m North (Bindajine Point),2009,Ecklonia radiata,51.2
Jervis Bay,JBMP-S7,Honeymoon Bay 150 m North (Bindajine Point),2012,Ecklonia radiata,26.9
Jervis Bay,JBMP-S7,Honeymoon Bay 150 m North (Bindajine Point),2017,Ecklonia radiata,57.2
Jervis Bay,JBMP-S8,Plantation Point North,1996,Ecklonia radiata,76.7
Jervis Bay,JBMP-S8,Plantation Point North,2000,Ecklonia radiata,64.1
Jervis Bay,JBMP-S8,Plantation Point North,2001,Ecklonia radiata,58.5
Jervis Bay,JBMP-S8,Plantation Point North,2003,Ecklonia radiata,69.9
Jervis Bay,JBMP-S8,Plantation Point North,2004,Ecklonia radiata,65
Jervis Bay,JBMP-S8,Plantation Point North,2005,Ecklonia radiata,67.5
Jervis Bay,JBMP-S8,Plantation Point North,2006,Ecklonia radiata,59.1
Jervis Bay,JBMP-S8,Plantation Point North,2007,Ecklonia radiata,65.6
Jervis Bay,JBMP-S8,Plantation Point North,2008,Ecklonia radiata,82.9
Jervis Bay,JBMP-S8,Plantation Point North,2009,Ecklonia radiata,89.9
Jervis Bay,JBMP-S8,Plantation Point North,2012,Ecklonia radiata,60.5
Jervis Bay,JBMP-S8,Plantation Point North,2017,Ecklonia radiata,32.7
Jervis Bay,JBMP-S9,Hyams Beach (Chinamans Reef),1996,Ecklonia radiata,35.2
Jervis Bay,JBMP-S9,Hyams Beach (Chinamans Reef),2000,Ecklonia radiata,73.1
Jervis Bay,JBMP-S9,Hyams Beach (Chinamans Reef),2001,Ecklonia radiata,51.9
Jervis Bay,JBMP-S9,Hyams Beach (Chinamans Reef),2003,Ecklonia radiata,51.5
Jervis Bay,JBMP-S9,Hyams Beach (Chinamans Reef),2004,Ecklonia radiata,36.3
Jervis Bay,JBMP-S9,Hyams Beach (Chinamans Reef),2005,Ecklonia radiata,48.9
Jervis Bay,JBMP-S9,Hyams Beach (Chinamans Reef),2006,Ecklonia radiata,54
Jervis Bay,JBMP-S9,Hyams Beach (Chinamans Reef),2007,Ecklonia radiata,47.8
Jervis Bay,JBMP-S9,Hyams Beach (Chinamans Reef),2008,Ecklonia radiata,50.8
Jervis Bay,JBMP-S9,Hyams Beach (Chinamans Reef),2009,Ecklonia radiata,46.7
Jervis Bay,JBMP-S9,Hyams Beach (Chinamans Reef),2012,Ecklonia radiata,58.6
Jervis Bay,JBMP-S9,Hyams Beach (Chinamans Reef),2017,Ecklonia radiata,32.8
Jurien,JMP-S19,Gazely Reef,1999,Ecklonia radiata,42.6
Jurien,JMP-S19,Gazely Reef,2000,Ecklonia radiata,41.2
Jurien,JMP-S19,Gazely Reef,2003,Ecklonia radiata,40.6
Jurien,JMP-S19,Gazely Reef,2004,Ecklonia radiata,42.13333333
Jurien,JMP-S19,Gazely Reef,2006,Ecklonia radiata,24.1
Jurien,JMP-S19,Gazely Reef,2009,Ecklonia radiata,8.8
Jurien,JMP-S19,Gazely Reef,2013,Ecklonia radiata,34.5
Jurien,JMP-S19,Gazely Reef,2016,Ecklonia radiata,38.2
Jurien,JMP-S19,Gazely Reef,2018,Ecklonia radiata,57.4
Jurien,JMP-S2,Sandland Island,1999,Ecklonia radiata,8
Jurien,JMP-S2,Sandland Island,2000,Ecklonia radiata,3.6
Jurien,JMP-S2,Sandland Island,2003,Ecklonia radiata,0.4
Jurien,JMP-S2,Sandland Island,2004,Ecklonia radiata,7.066666667
Jurien,JMP-S2,Sandland Island,2006,Ecklonia radiata,4
Jurien,JMP-S2,Sandland Island,2012,Ecklonia radiata,3.2
Jurien,JMP-S2,Sandland Island,2016,Ecklonia radiata,12
Jurien,JMP-S2,Sandland Island,2018,Ecklonia radiata,26.4
Jurien,JMP-S22,Inner Seven Foot Reef,1999,Ecklonia radiata,26.4
Jurien,JMP-S22,Inner Seven Foot Reef,2000,Ecklonia radiata,21.4
Jurien,JMP-S22,Inner Seven Foot Reef,2003,Ecklonia radiata,26.4
Jurien,JMP-S22,Inner Seven Foot Reef,2004,Ecklonia radiata,20.4
Jurien,JMP-S22,Inner Seven Foot Reef,2006,Ecklonia radiata,29
Jurien,JMP-S22,Inner Seven Foot Reef,2013,Ecklonia radiata,24.5
Jurien,JMP-S22,Inner Seven Foot Reef,2016,Ecklonia radiata,59.7
Jurien,JMP-S22,Inner Seven Foot Reef,2018,Ecklonia radiata,53.5
Jurien,JMP-S23,Sams Reef,1999,Ecklonia radiata,30.66666667
Jurien,JMP-S23,Sams Reef,2000,Ecklonia radiata,28
Jurien,JMP-S23,Sams Reef,2003,Ecklonia radiata,31.5
Jurien,JMP-S23,Sams Reef,2004,Ecklonia radiata,23.2
Jurien,JMP-S23,Sams Reef,2006,Ecklonia radiata,37.5
Jurien,JMP-S23,Sams Reef,2009,Ecklonia radiata,35.3
Jurien,JMP-S23,Sams Reef,2013,Ecklonia radiata,43.9
Jurien,JMP-S23,Sams Reef,2016,Ecklonia radiata,36.9
Jurien,JMP-S23,Sams Reef,2018,Ecklonia radiata,24.7
Jurien,JMP-S25,Fishermans Island,1999,Ecklonia radiata,1.333333333
Jurien,JMP-S25,Fishermans Island,2000,Ecklonia radiata,3.2
Jurien,JMP-S25,Fishermans Island,2003,Ecklonia radiata,2.4
Jurien,JMP-S25,Fishermans Island,2004,Ecklonia radiata,7.6
Jurien,JMP-S25,Fishermans Island,2006,Ecklonia radiata,4.8
Jurien,JMP-S25,Fishermans Island,2009,Ecklonia radiata,3.8
Jurien,JMP-S25,Fishermans Island,2013,Ecklonia radiata,2.8
Jurien,JMP-S25,Fishermans Island,2016,Ecklonia radiata,5.333333333
Jurien,JMP-S25,Fishermans Island,2018,Ecklonia radiata,3.2
Jurien,JMP-S25,Fishermans Island,2021,Ecklonia radiata,15.8
Jurien,JMP-S26,Outer Green Islands,2004,Ecklonia radiata,36.7
Jurien,JMP-S26,Outer Green Islands,2006,Ecklonia radiata,27.9
Jurien,JMP-S26,Outer Green Islands,2009,Ecklonia radiata,28.6
Jurien,JMP-S26,Outer Green Islands,2012,Ecklonia radiata,15
Jurien,JMP-S26,Outer Green Islands,2013,Ecklonia radiata,13.4
Jurien,JMP-S26,Outer Green Islands,2016,Ecklonia radiata,26.5
Jurien,JMP-S26,Outer Green Islands,2018,Ecklonia radiata,15.3
Jurien,JMP-S3,"Outer Rocks, Inner Coffins",1999,Ecklonia radiata,45.1
Jurien,JMP-S3,"Outer Rocks, Inner Coffins",2000,Ecklonia radiata,41.2
Jurien,JMP-S3,"Outer Rocks, Inner Coffins",2003,Ecklonia radiata,45.3
Jurien,JMP-S3,"Outer Rocks, Inner Coffins",2004,Ecklonia radiata,61.9
Jurien,JMP-S3,"Outer Rocks, Inner Coffins",2006,Ecklonia radiata,61.06666667
Jurien,JMP-S3,"Outer Rocks, Inner Coffins",2013,Ecklonia radiata,30.6
Jurien,JMP-S3,"Outer Rocks, Inner Coffins",2016,Ecklonia radiata,59.2
Jurien,JMP-S3,"Outer Rocks, Inner Coffins",2018,Ecklonia radiata,72.8
Jurien,JMP-S3,"Outer Rocks, Inner Coffins",2021,Ecklonia radiata,22.13333333
Jurien,JMP-S35,Midshore Boullanger Island,2004,Ecklonia radiata,0
Jurien,JMP-S35,Midshore Boullanger Island,2006,Ecklonia radiata,0
Jurien,JMP-S35,Midshore Boullanger Island,2012,Ecklonia radiata,0
Jurien,JMP-S35,Midshore Boullanger Island,2013,Ecklonia radiata,0
Jurien,JMP-S35,Midshore Boullanger Island,2016,Ecklonia radiata,0
Jurien,JMP-S35,Midshore Boullanger Island,2018,Ecklonia radiata,0
Jurien,JMP-S35,Midshore Boullanger Island,2021,Ecklonia radiata,0
Jurien,JMP-S4,Outer Rocks (North) 2,1999,Ecklonia radiata,31
Jurien,JMP-S4,Outer Rocks (North) 2,2000,Ecklonia radiata,30
Jurien,JMP-S4,Outer Rocks (North) 2,2003,Ecklonia radiata,41.8
Jurien,JMP-S4,Outer Rocks (North) 2,2004,Ecklonia radiata,53.5
Jurien,JMP-S4,Outer Rocks (North) 2,2006,Ecklonia radiata,51.9
Jurien,JMP-S4,Outer Rocks (North) 2,2009,Ecklonia radiata,47.4
Jurien,JMP-S4,Outer Rocks (North) 2,2012,Ecklonia radiata,33.2
Jurien,JMP-S4,Outer Rocks (North) 2,2013,Ecklonia radiata,39.8
Jurien,JMP-S4,Outer Rocks (North) 2,2016,Ecklonia radiata,43.73333333
Jurien,JMP-S4,Outer Rocks (North) 2,2018,Ecklonia radiata,85.6
Jurien,JMP-S42,Outer Seaward Ledge,2004,Ecklonia radiata,38.4
Jurien,JMP-S42,Outer Seaward Ledge,2006,Ecklonia radiata,38.9
Jurien,JMP-S42,Outer Seaward Ledge,2012,Ecklonia radiata,13
Jurien,JMP-S42,Outer Seaward Ledge,2013,Ecklonia radiata,11.9
Jurien,JMP-S42,Outer Seaward Ledge,2016,Ecklonia radiata,16
Jurien,JMP-S42,Outer Seaward Ledge,2018,Ecklonia radiata,40.4
Jurien,JMP-S42,Outer Seaward Ledge,2021,Ecklonia radiata,26.4
Jurien,JMP-S5,Escape Island,1999,Ecklonia radiata,69.4
Jurien,JMP-S5,Escape Island,2000,Ecklonia radiata,56.4
Jurien,JMP-S5,Escape Island,2003,Ecklonia radiata,46.2
Jurien,JMP-S5,Escape Island,2004,Ecklonia radiata,60.9
Jurien,JMP-S5,Escape Island,2006,Ecklonia radiata,56.4
Jurien,JMP-S5,Escape Island,2012,Ecklonia radiata,28.7
Jurien,JMP-S5,Escape Island,2013,Ecklonia radiata,51.5
Jurien,JMP-S5,Escape Island,2016,Ecklonia radiata,31.2
Jurien,JMP-S5,Escape Island,2018,Ecklonia radiata,45.5
Jurien,JMP-S5,Escape Island,2021,Ecklonia radiata,43.46666667
Jurien,JMP-S6,Inner Seaward Ledge,1999,Ecklonia radiata,61.9
Jurien,JMP-S6,Inner Seaward Ledge,2000,Ecklonia radiata,39.4
Jurien,JMP-S6,Inner Seaward Ledge,2003,Ecklonia radiata,57.3
Jurien,JMP-S6,Inner Seaward Ledge,2004,Ecklonia radiata,72.5
Jurien,JMP-S6,Inner Seaward Ledge,2006,Ecklonia radiata,65.9
Jurien,JMP-S6,Inner Seaward Ledge,2009,Ecklonia radiata,78.6
Jurien,JMP-S6,Inner Seaward Ledge,2012,Ecklonia radiata,16.4
Jurien,JMP-S6,Inner Seaward Ledge,2013,Ecklonia radiata,12.5
Jurien,JMP-S6,Inner Seaward Ledge,2016,Ecklonia radiata,52.53333333
Jurien,JMP-S6,Inner Seaward Ledge,2018,Ecklonia radiata,63.6
Jurien,JMP-S7,Juddy Reef,1999,Ecklonia radiata,48.6
Jurien,JMP-S7,Juddy Reef,2000,Ecklonia radiata,43.6
Jurien,JMP-S7,Juddy Reef,2003,Ecklonia radiata,55.5
Jurien,JMP-S7,Juddy Reef,2004,Ecklonia radiata,63.4
Jurien,JMP-S7,Juddy Reef,2006,Ecklonia radiata,42.4
Jurien,JMP-S7,Juddy Reef,2012,Ecklonia radiata,26.1
Jurien,JMP-S7,Juddy Reef,2013,Ecklonia radiata,42.93333333
Jurien,JMP-S7,Juddy Reef,2016,Ecklonia radiata,31.7
Jurien,JMP-S7,Juddy Reef,2018,Ecklonia radiata,51.06666667
Jurien,JMP-S8,Fishermans Island 1,1999,Ecklonia radiata,2
Jurien,JMP-S8,Fishermans Island 1,2003,Ecklonia radiata,10.2
Jurien,JMP-S8,Fishermans Island 1,2004,Ecklonia radiata,13.6
Jurien,JMP-S8,Fishermans Island 1,2006,Ecklonia radiata,17.6
Jurien,JMP-S8,Fishermans Island 1,2009,Ecklonia radiata,10
Jurien,JMP-S8,Fishermans Island 1,2012,Ecklonia radiata,2.6
Jurien,JMP-S8,Fishermans Island 1,2016,Ecklonia radiata,2.4
Jurien,JMP-S8,Fishermans Island 1,2018,Ecklonia radiata,25.6
Jurien,JMP-S8,Fishermans Island 1,2021,Ecklonia radiata,15.4
Jurien,JMP-S9,Fishermans Island 2,1999,Ecklonia radiata,8
Jurien,JMP-S9,Fishermans Island 2,2000,Ecklonia radiata,8.8
Jurien,JMP-S9,Fishermans Island 2,2004,Ecklonia radiata,3.8
Jurien,JMP-S9,Fishermans Island 2,2006,Ecklonia radiata,3.2
Jurien,JMP-S9,Fishermans Island 2,2009,Ecklonia radiata,18.8
Jurien,JMP-S9,Fishermans Island 2,2012,Ecklonia radiata,5.2
Jurien,JMP-S9,Fishermans Island 2,2013,Ecklonia radiata,10
Jurien,JMP-S9,Fishermans Island 2,2018,Ecklonia radiata,6.2
Maria Island,MIR-S12,Okehampton Bay,1992,Ecklonia radiata,18.8
Maria Island,MIR-S12,Okehampton Bay,1993,Ecklonia radiata,9.4
Maria Island,MIR-S12,Okehampton Bay,1995,Ecklonia radiata,11.6
Maria Island,MIR-S12,Okehampton Bay,1996,Ecklonia radiata,22.93333333
Maria Island,MIR-S12,Okehampton Bay,1997,Ecklonia radiata,17.5
Maria Island,MIR-S12,Okehampton Bay,1998,Ecklonia radiata,18.53333333
Maria Island,MIR-S12,Okehampton Bay,1999,Ecklonia radiata,6.666666667
Maria Island,MIR-S12,Okehampton Bay,2000,Ecklonia radiata,8.8
Maria Island,MIR-S12,Okehampton Bay,2001,Ecklonia radiata,4.8
Maria Island,MIR-S12,Okehampton Bay,2004,Ecklonia radiata,3.6
Maria Island,MIR-S12,Okehampton Bay,2006,Ecklonia radiata,21.4
Maria Island,MIR-S12,Okehampton Bay,2007,Ecklonia radiata,6.6
Maria Island,MIR-S12,Okehampton Bay,2008,Ecklonia radiata,11.33333333
Maria Island,MIR-S12,Okehampton Bay,2009,Ecklonia radiata,7.6
Maria Island,MIR-S12,Okehampton Bay,2010,Ecklonia radiata,9.6
Maria Island,MIR-S12,Okehampton Bay,2011,Ecklonia radiata,19.73333333
Maria Island,MIR-S12,Okehampton Bay,2012,Ecklonia radiata,5.2
Maria Island,MIR-S12,Okehampton Bay,2013,Ecklonia radiata,17.4
Maria Island,MIR-S12,Okehampton Bay,2014,Ecklonia radiata,10.66666667
Maria Island,MIR-S12,Okehampton Bay,2015,Ecklonia radiata,22.26666667
Maria Island,MIR-S12,Okehampton Bay,2016,Ecklonia radiata,28.4
Maria Island,MIR-S12,Okehampton Bay,2017,Ecklonia radiata,12.93333333
Maria Island,MIR-S12,Okehampton Bay,2018,Ecklonia radiata,20.8
Maria Island,MIR-S12,Okehampton Bay,2019,Ecklonia radiata,14.6
Maria Island,MIR-S12,Okehampton Bay,2020,Ecklonia radiata,17.86666667
Maria Island,MIR-S12,Okehampton Bay,2021,Ecklonia radiata,29.2
Maria Island,MIR-S12,Okehampton Bay,2022,Ecklonia radiata,9.6
Maria Island,MIR-S12,Okehampton Bay,2023,Ecklonia radiata,16.9
Maria Island,MIR-S13,Point Holme Lookout,1992,Ecklonia radiata,15.8
Maria Island,MIR-S13,Point Holme Lookout,1995,Ecklonia radiata,24.5
Maria Island,MIR-S13,Point Holme Lookout,1996,Ecklonia radiata,21.9
Maria Island,MIR-S13,Point Holme Lookout,1997,Ecklonia radiata,37.1
Maria Island,MIR-S13,Point Holme Lookout,1998,Ecklonia radiata,30.7
Maria Island,MIR-S13,Point Holme Lookout,1999,Ecklonia radiata,34
Maria Island,MIR-S13,Point Holme Lookout,2000,Ecklonia radiata,25.4
Maria Island,MIR-S13,Point Holme Lookout,2001,Ecklonia radiata,16.2
Maria Island,MIR-S13,Point Holme Lookout,2004,Ecklonia radiata,12.8
Maria Island,MIR-S13,Point Holme Lookout,2006,Ecklonia radiata,17.6
Maria Island,MIR-S13,Point Holme Lookout,2007,Ecklonia radiata,4
Maria Island,MIR-S13,Point Holme Lookout,2008,Ecklonia radiata,4
Maria Island,MIR-S13,Point Holme Lookout,2009,Ecklonia radiata,19.2
Maria Island,MIR-S13,Point Holme Lookout,2010,Ecklonia radiata,6
Maria Island,MIR-S13,Point Holme Lookout,2012,Ecklonia radiata,8
Maria Island,MIR-S13,Point Holme Lookout,2013,Ecklonia radiata,14.4
Maria Island,MIR-S13,Point Holme Lookout,2014,Ecklonia radiata,11.06666667
Maria Island,MIR-S13,Point Holme Lookout,2015,Ecklonia radiata,13.33333333
Maria Island,MIR-S13,Point Holme Lookout,2016,Ecklonia radiata,7.2
Maria Island,MIR-S13,Point Holme Lookout,2017,Ecklonia radiata,13.8
Maria Island,MIR-S13,Point Holme Lookout,2018,Ecklonia radiata,15.46666667
Maria Island,MIR-S13,Point Holme Lookout,2019,Ecklonia radiata,12
Maria Island,MIR-S13,Point Holme Lookout,2020,Ecklonia radiata,13.73333333
Maria Island,MIR-S13,Point Holme Lookout,2021,Ecklonia radiata,17.6
Maria Island,MIR-S13,Point Holme Lookout,2022,Ecklonia radiata,12
Maria Island,MIR-S13,Point Holme Lookout,2023,Ecklonia radiata,4.7
Maria Island,MIR-S14,Spring Beach,1992,Ecklonia radiata,22.2
Maria Island,MIR-S14,Spring Beach,1995,Ecklonia radiata,32.6
Maria Island,MIR-S14,Spring Beach,1996,Ecklonia radiata,33.3
Maria Island,MIR-S14,Spring Beach,1997,Ecklonia radiata,34.2
Maria Island,MIR-S14,Spring Beach,1998,Ecklonia radiata,38.7
Maria Island,MIR-S14,Spring Beach,1999,Ecklonia radiata,32.5
Maria Island,MIR-S14,Spring Beach,2000,Ecklonia radiata,34.6
Maria Island,MIR-S14,Spring Beach,2001,Ecklonia radiata,15.1
Maria Island,MIR-S14,Spring Beach,2002,Ecklonia radiata,21.9
Maria Island,MIR-S14,Spring Beach,2004,Ecklonia radiata,18.8
Maria Island,MIR-S14,Spring Beach,2006,Ecklonia radiata,49
Maria Island,MIR-S14,Spring Beach,2007,Ecklonia radiata,19
Maria Island,MIR-S14,Spring Beach,2008,Ecklonia radiata,35
Maria Island,MIR-S14,Spring Beach,2009,Ecklonia radiata,25.4
Maria Island,MIR-S14,Spring Beach,2010,Ecklonia radiata,37.1
Maria Island,MIR-S14,Spring Beach,2012,Ecklonia radiata,23.33333333
Maria Island,MIR-S14,Spring Beach,2013,Ecklonia radiata,38.3
Maria Island,MIR-S14,Spring Beach,2014,Ecklonia radiata,30.4
Maria Island,MIR-S14,Spring Beach,2015,Ecklonia radiata,13.9
Maria Island,MIR-S14,Spring Beach,2016,Ecklonia radiata,18.8
Maria Island,MIR-S14,Spring Beach,2017,Ecklonia radiata,15.1
Maria Island,MIR-S14,Spring Beach,2018,Ecklonia radiata,18.5
Maria Island,MIR-S14,Spring Beach,2019,Ecklonia radiata,25.7
Maria Island,MIR-S14,Spring Beach,2020,Ecklonia radiata,35.5
Maria Island,MIR-S14,Spring Beach,2021,Ecklonia radiata,28.5
Maria Island,MIR-S14,Spring Beach,2022,Ecklonia radiata,26.5
Maria Island,MIR-S14,Spring Beach,2023,Ecklonia radiata,27.4
Maria Island,MIR-S2,Painted Cliffs South (Four Mile Reef),1992,Ecklonia radiata,9.6
Maria Island,MIR-S2,Painted Cliffs South (Four Mile Reef),1995,Ecklonia radiata,16.1
Maria Island,MIR-S2,Painted Cliffs South (Four Mile Reef),1996,Ecklonia radiata,25.9
Maria Island,MIR-S2,Painted Cliffs South (Four Mile Reef),1997,Ecklonia radiata,31.2
Maria Island,MIR-S2,Painted Cliffs South (Four Mile Reef),1998,Ecklonia radiata,20.3
Maria Island,MIR-S2,Painted Cliffs South (Four Mile Reef),1999,Ecklonia radiata,23.2
Maria Island,MIR-S2,Painted Cliffs South (Four Mile Reef),2000,Ecklonia radiata,26
Maria Island,MIR-S2,Painted Cliffs South (Four Mile Reef),2001,Ecklonia radiata,16
Maria Island,MIR-S2,Painted Cliffs South (Four Mile Reef),2004,Ecklonia radiata,26.2
Maria Island,MIR-S2,Painted Cliffs South (Four Mile Reef),2006,Ecklonia radiata,14.3
Maria Island,MIR-S2,Painted Cliffs South (Four Mile Reef),2007,Ecklonia radiata,20
Maria Island,MIR-S2,Painted Cliffs South (Four Mile Reef),2008,Ecklonia radiata,9.2
Maria Island,MIR-S2,Painted Cliffs South (Four Mile Reef),2009,Ecklonia radiata,32.5
Maria Island,MIR-S2,Painted Cliffs South (Four Mile Reef),2010,Ecklonia radiata,28.6
Maria Island,MIR-S2,Painted Cliffs South (Four Mile Reef),2011,Ecklonia radiata,41.6
Maria Island,MIR-S2,Painted Cliffs South (Four Mile Reef),2012,Ecklonia radiata,36.5
Maria Island,MIR-S2,Painted Cliffs South (Four Mile Reef),2013,Ecklonia radiata,46.1
Maria Island,MIR-S2,Painted Cliffs South (Four Mile Reef),2014,Ecklonia radiata,31.2
Maria Island,MIR-S2,Painted Cliffs South (Four Mile Reef),2015,Ecklonia radiata,22.5
Maria Island,MIR-S2,Painted Cliffs South (Four Mile Reef),2016,Ecklonia radiata,35.3
Maria Island,MIR-S2,Painted Cliffs South (Four Mile Reef),2017,Ecklonia radiata,28.6
Maria Island,MIR-S2,Painted Cliffs South (Four Mile Reef),2018,Ecklonia radiata,15.2
Maria Island,MIR-S2,Painted Cliffs South (Four Mile Reef),2019,Ecklonia radiata,23.5
Maria Island,MIR-S2,Painted Cliffs South (Four Mile Reef),2020,Ecklonia radiata,26.8
Maria Island,MIR-S2,Painted Cliffs South (Four Mile Reef),2021,Ecklonia radiata,45.6
Maria Island,MIR-S2,Painted Cliffs South (Four Mile Reef),2022,Ecklonia radiata,31.9
Maria Island,MIR-S2,Painted Cliffs South (Four Mile Reef),2023,Ecklonia radiata,30.5
Maria Island,MIR-S3,Painted Cliffs,1992,Ecklonia radiata,9.4
Maria Island,MIR-S3,Painted Cliffs,1993,Ecklonia radiata,0.8
Maria Island,MIR-S3,Painted Cliffs,1995,Ecklonia radiata,11.2
Maria Island,MIR-S3,Painted Cliffs,1996,Ecklonia radiata,12
Maria Island,MIR-S3,Painted Cliffs,1997,Ecklonia radiata,6.266666667
Maria Island,MIR-S3,Painted Cliffs,1998,Ecklonia radiata,7.733333333
Maria Island,MIR-S3,Painted Cliffs,1999,Ecklonia radiata,17.2
Maria Island,MIR-S3,Painted Cliffs,2000,Ecklonia radiata,26.2
Maria Island,MIR-S3,Painted Cliffs,2001,Ecklonia radiata,3.8
Maria Island,MIR-S3,Painted Cliffs,2004,Ecklonia radiata,4.8
Maria Island,MIR-S3,Painted Cliffs,2006,Ecklonia radiata,4
Maria Island,MIR-S3,Painted Cliffs,2007,Ecklonia radiata,9.9
Maria Island,MIR-S3,Painted Cliffs,2008,Ecklonia radiata,14.4
Maria Island,MIR-S3,Painted Cliffs,2009,Ecklonia radiata,6
Maria Island,MIR-S3,Painted Cliffs,2010,Ecklonia radiata,8.8
Maria Island,MIR-S3,Painted Cliffs,2011,Ecklonia radiata,2.4
Maria Island,MIR-S3,Painted Cliffs,2012,Ecklonia radiata,10.26666667
Maria Island,MIR-S3,Painted Cliffs,2013,Ecklonia radiata,9.2
Maria Island,MIR-S3,Painted Cliffs,2014,Ecklonia radiata,7.4
Maria Island,MIR-S3,Painted Cliffs,2015,Ecklonia radiata,21.6
Maria Island,MIR-S3,Painted Cliffs,2016,Ecklonia radiata,14
Maria Island,MIR-S3,Painted Cliffs,2017,Ecklonia radiata,2.8
Maria Island,MIR-S3,Painted Cliffs,2018,Ecklonia radiata,17.6
Maria Island,MIR-S3,Painted Cliffs,2019,Ecklonia radiata,7.6
Maria Island,MIR-S3,Painted Cliffs,2020,Ecklonia radiata,22.7
Maria Island,MIR-S3,Painted Cliffs,2021,Ecklonia radiata,22
Maria Island,MIR-S3,Painted Cliffs,2022,Ecklonia radiata,7
Maria Island,MIR-S3,Painted Cliffs,2023,Ecklonia radiata,11.7
Maria Island,MIR-S5,Return Point,1992,Ecklonia radiata,15.86666667
Maria Island,MIR-S5,Return Point,1996,Ecklonia radiata,43.5
Maria Island,MIR-S5,Return Point,1997,Ecklonia radiata,43.1
Maria Island,MIR-S5,Return Point,1998,Ecklonia radiata,38.9
Maria Island,MIR-S5,Return Point,1999,Ecklonia radiata,37.5
Maria Island,MIR-S5,Return Point,2000,Ecklonia radiata,25.8
Maria Island,MIR-S5,Return Point,2001,Ecklonia radiata,6.5
Maria Island,MIR-S5,Return Point,2004,Ecklonia radiata,1.6
Maria Island,MIR-S5,Return Point,2006,Ecklonia radiata,31.4
Maria Island,MIR-S5,Return Point,2007,Ecklonia radiata,41
Maria Island,MIR-S5,Return Point,2008,Ecklonia radiata,26.1
Maria Island,MIR-S5,Return Point,2009,Ecklonia radiata,23.2
Maria Island,MIR-S5,Return Point,2010,Ecklonia radiata,44.7
Maria Island,MIR-S5,Return Point,2011,Ecklonia radiata,55.9
Maria Island,MIR-S5,Return Point,2012,Ecklonia radiata,44.8
Maria Island,MIR-S5,Return Point,2013,Ecklonia radiata,49.1
Maria Island,MIR-S5,Return Point,2015,Ecklonia radiata,25.73333333
Maria Island,MIR-S5,Return Point,2016,Ecklonia radiata,13.6
Maria Island,MIR-S5,Return Point,2017,Ecklonia radiata,26.5
Maria Island,MIR-S5,Return Point,2018,Ecklonia radiata,20.6
Maria Island,MIR-S5,Return Point,2019,Ecklonia radiata,23.9
Maria Island,MIR-S5,Return Point,2020,Ecklonia radiata,29.1
Maria Island,MIR-S5,Return Point,2021,Ecklonia radiata,42.5
Maria Island,MIR-S5,Return Point,2022,Ecklonia radiata,41.1
Maria Island,MIR-S5,Return Point,2023,Ecklonia radiata,43.7
Maria Island,MIR-S7,Magistrates Point North,1992,Ecklonia radiata,29.8
Maria Island,MIR-S7,Magistrates Point North,1995,Ecklonia radiata,39.2
Maria Island,MIR-S7,Magistrates Point North,1996,Ecklonia radiata,39.4
Maria Island,MIR-S7,Magistrates Point North,1997,Ecklonia radiata,41.8
Maria Island,MIR-S7,Magistrates Point North,1998,Ecklonia radiata,30.9
Maria Island,MIR-S7,Magistrates Point North,1999,Ecklonia radiata,30.4
Maria Island,MIR-S7,Magistrates Point North,2000,Ecklonia radiata,37.1
Maria Island,MIR-S7,Magistrates Point North,2001,Ecklonia radiata,45.9
Maria Island,MIR-S7,Magistrates Point North,2002,Ecklonia radiata,38
Maria Island,MIR-S7,Magistrates Point North,2004,Ecklonia radiata,24.7
Maria Island,MIR-S7,Magistrates Point North,2006,Ecklonia radiata,42.4
Maria Island,MIR-S7,Magistrates Point North,2008,Ecklonia radiata,32.1
Maria Island,MIR-S7,Magistrates Point North,2009,Ecklonia radiata,45.1
Maria Island,MIR-S7,Magistrates Point North,2010,Ecklonia radiata,52.1
Maria Island,MIR-S7,Magistrates Point North,2012,Ecklonia radiata,34.4
Maria Island,MIR-S7,Magistrates Point North,2013,Ecklonia radiata,39.7
Maria Island,MIR-S7,Magistrates Point North,2014,Ecklonia radiata,37.3
Maria Island,MIR-S7,Magistrates Point North,2015,Ecklonia radiata,25.3
Maria Island,MIR-S7,Magistrates Point North,2016,Ecklonia radiata,38
Maria Island,MIR-S7,Magistrates Point North,2017,Ecklonia radiata,10.9
Maria Island,MIR-S7,Magistrates Point North,2018,Ecklonia radiata,27.8
Maria Island,MIR-S7,Magistrates Point North,2019,Ecklonia radiata,53
Maria Island,MIR-S7,Magistrates Point North,2020,Ecklonia radiata,42.1
Maria Island,MIR-S7,Magistrates Point North,2021,Ecklonia radiata,20.5
Maria Island,MIR-S7,Magistrates Point North,2022,Ecklonia radiata,50
Maria Island,MIR-S7,Magistrates Point North,2023,Ecklonia radiata,33.7
Maria Island,MIR-S8,Magistrates Point South,1992,Ecklonia radiata,24.6
Maria Island,MIR-S8,Magistrates Point South,1993,Ecklonia radiata,39.73333333
Maria Island,MIR-S8,Magistrates Point South,1995,Ecklonia radiata,32.4
Maria Island,MIR-S8,Magistrates Point South,1996,Ecklonia radiata,39.8
Maria Island,MIR-S8,Magistrates Point South,1997,Ecklonia radiata,41.7
Maria Island,MIR-S8,Magistrates Point South,1998,Ecklonia radiata,45.7
Maria Island,MIR-S8,Magistrates Point South,1999,Ecklonia radiata,43
Maria Island,MIR-S8,Magistrates Point South,2000,Ecklonia radiata,45.3
Maria Island,MIR-S8,Magistrates Point South,2001,Ecklonia radiata,23
Maria Island,MIR-S8,Magistrates Point South,2004,Ecklonia radiata,17.8
Maria Island,MIR-S8,Magistrates Point South,2006,Ecklonia radiata,30.9
Maria Island,MIR-S8,Magistrates Point South,2008,Ecklonia radiata,28.6
Maria Island,MIR-S8,Magistrates Point South,2009,Ecklonia radiata,26.3
Maria Island,MIR-S8,Magistrates Point South,2010,Ecklonia radiata,25.3
Maria Island,MIR-S8,Magistrates Point South,2011,Ecklonia radiata,48.8
Maria Island,MIR-S8,Magistrates Point South,2012,Ecklonia radiata,39.3
Maria Island,MIR-S8,Magistrates Point South,2013,Ecklonia radiata,48.9
Maria Island,MIR-S8,Magistrates Point South,2014,Ecklonia radiata,27.9
Maria Island,MIR-S8,Magistrates Point South,2015,Ecklonia radiata,33.3
Maria Island,MIR-S8,Magistrates Point South,2016,Ecklonia radiata,31.3
Maria Island,MIR-S8,Magistrates Point South,2017,Ecklonia radiata,30.5
Maria Island,MIR-S8,Magistrates Point South,2018,Ecklonia radiata,21.4
Maria Island,MIR-S8,Magistrates Point South,2019,Ecklonia radiata,35.3
Maria Island,MIR-S8,Magistrates Point South,2021,Ecklonia radiata,20.9
Maria Island,MIR-S8,Magistrates Point South,2022,Ecklonia radiata,36.7
Maria Island,MIR-S8,Magistrates Point South,2023,Ecklonia radiata,21.5
Maria Island,MIR-S9,Point Leseuer,1992,Ecklonia radiata,37.8
Maria Island,MIR-S9,Point Leseuer,1993,Ecklonia radiata,20.4
Maria Island,MIR-S9,Point Leseuer,1995,Ecklonia radiata,19.2
Maria Island,MIR-S9,Point Leseuer,1996,Ecklonia radiata,8.2
Maria Island,MIR-S9,Point Leseuer,1997,Ecklonia radiata,18.8
Maria Island,MIR-S9,Point Leseuer,1998,Ecklonia radiata,4.266666667
Maria Island,MIR-S9,Point Leseuer,1999,Ecklonia radiata,21.46666667
Maria Island,MIR-S9,Point Leseuer,2000,Ecklonia radiata,8.8
Maria Island,MIR-S9,Point Leseuer,2001,Ecklonia radiata,12.6
Maria Island,MIR-S9,Point Leseuer,2004,Ecklonia radiata,4
Maria Island,MIR-S9,Point Leseuer,2006,Ecklonia radiata,4
Maria Island,MIR-S9,Point Leseuer,2007,Ecklonia radiata,5.4
Maria Island,MIR-S9,Point Leseuer,2008,Ecklonia radiata,8
Maria Island,MIR-S9,Point Leseuer,2009,Ecklonia radiata,4.8
Maria Island,MIR-S9,Point Leseuer,2010,Ecklonia radiata,2.4
Maria Island,MIR-S9,Point Leseuer,2011,Ecklonia radiata,2
Maria Island,MIR-S9,Point Leseuer,2012,Ecklonia radiata,3.2
Maria Island,MIR-S9,Point Leseuer,2015,Ecklonia radiata,2.533333333
Maria Island,MIR-S9,Point Leseuer,2016,Ecklonia radiata,1.6
Maria Island,MIR-S9,Point Leseuer,2017,Ecklonia radiata,3.7
Maria Island,MIR-S9,Point Leseuer,2018,Ecklonia radiata,2.533333333
Maria Island,MIR-S9,Point Leseuer,2019,Ecklonia radiata,2.7
Maria Island,MIR-S9,Point Leseuer,2020,Ecklonia radiata,4.933333333
Maria Island,MIR-S9,Point Leseuer,2021,Ecklonia radiata,4.533333333
Maria Island,MIR-S9,Point Leseuer,2022,Ecklonia radiata,9.3
Maria Island,MIR-S9,Point Leseuer,2023,Ecklonia radiata,14.2
